{
  "c_v_mean": "0.7054782",
  "c_npmi_mean": 0.4326275165134434,
  "c_v_scores": [
    "0.7289855",
    "0.5553493",
    "0.99390787",
    "0.66551685",
    "0.5836314"
  ],
  "c_npmi_scores": [
    0.08951693107933353,
    0.14954179640079113,
    0.9428830272000257,
    0.5313560032534118,
    0.44983982463365507
  ],
  "docs_used": 16682,
  "total_docs": 16682,
  "training_time": 33.674553871154785,
  "meets_thresholds": "True",
  "warnings": [],
  "random_seed": 42,
  "stage_times": {
    "validation": 0.008898019790649414,
    "preprocessing": 1.4271972179412842,
    "embeddings": 13.24715805053711,
    "initialization": 0.002794027328491211,
    "clustering": 18.431038856506348,
    "quality_metrics": 0.5565860271453857,
    "threshold_check": 4.100799560546875e-05
  }
}