{
  "c_v_mean": "0.37910765",
  "c_npmi_mean": 0.3545010419958524,
  "c_v_scores": [
    "0.94824344",
    "0.44903103",
    "0.55895656",
    "0.38312578",
    "0.21728301",
    "0.614164",
    "0.40097737",
    "0.3234321",
    "0.3153052",
    "0.4500546",
    "0.41502208",
    "0.5075356",
    "0.45188278",
    "0.46798483",
    "0.24907771",
    "0.6616925",
    "0.4456901",
    "0.22607613",
    "0.25583857",
    "0.4586485",
    "0.40882382",
    "0.18909343",
    "0.4553173",
    "0.48404494",
    "0.29007745",
    "0.29109028",
    "0.37965223",
    "0.24371663",
    "0.48826087",
    "0.39256662",
    "0.43222564",
    "0.1531698",
    "0.5072152",
    "0.46077082",
    "0.5276872",
    "0.27897325",
    "0.528025",
    "0.3170389",
    "0.2891303",
    "0.39400432",
    "0.3559965",
    "0.43402067",
    "0.24035163",
    "0.3528127",
    "0.20516798",
    "0.5262694",
    "0.4735502",
    "0.3882781",
    "0.29843387",
    "0.40306896",
    "0.34295496",
    "0.37457654",
    "0.50962996",
    "0.2731541",
    "0.34522977",
    "0.5598809",
    "0.33215207",
    "0.3611433",
    "0.32742342",
    "0.42920545",
    "0.49124327",
    "0.44018072",
    "0.44213694",
    "0.26336977",
    "0.33954334",
    "0.36682078",
    "0.35451746",
    "0.46304756",
    "0.25824663",
    "0.5471109",
    "0.26880667",
    "0.11072225",
    "0.32291403",
    "0.2530259",
    "0.3430114",
    "0.24038602",
    "0.38533157",
    "0.3769427",
    "0.3695738",
    "0.36515555",
    "0.40621355",
    "0.33990055",
    "0.5091128",
    "0.41107175",
    "0.30461505",
    "0.37282363",
    "0.5123908",
    "0.4338294",
    "0.37324822",
    "0.13416244",
    "0.27645943",
    "0.3720962",
    "0.5419261",
    "0.42198747",
    "0.33674952",
    "0.3299621",
    "0.512799",
    "0.3015696",
    "0.17603607",
    "0.38433805",
    "0.23113441",
    "0.43122563",
    "0.44014543",
    "0.38510406",
    "0.3618967",
    "0.53337467",
    "0.24310766",
    "0.2928795",
    "0.44826525",
    "0.43324062",
    "0.31107268",
    "0.43472132",
    "0.5023822",
    "0.37882712",
    "0.4681699",
    "0.39376926",
    "0.16596723",
    "0.4081497",
    "0.32875934",
    "0.21546476",
    "0.3486822",
    "0.3141411",
    "0.47174993",
    "0.27532464",
    "0.18307397",
    "0.35296005",
    "0.4050571",
    "0.4695496"
  ],
  "c_npmi_scores": [
    0.16943726535744852,
    0.42298290410418027,
    0.3207740236994051,
    0.22812886262936755,
    0.33284926361732703,
    0.33842951704050195,
    0.36027206952395113,
    0.19760436362017747,
    0.29652061758850473,
    0.4058109136862848,
    0.3366813284503534,
    0.44635258908514713,
    0.3167279439148997,
    0.16730998456579713,
    0.26007005114996706,
    0.14434436404658066,
    0.19451025253489487,
    0.2597690643961504,
    0.27301407820537693,
    0.4413622573930521,
    0.22349320906295073,
    0.03811517738492904,
    0.3059500769336705,
    0.2850259104065831,
    0.17998653432103096,
    0.17879563916873753,
    0.5205265173115958,
    0.38724484230846534,
    0.24936673864388603,
    0.45585116866729997,
    0.16176887517730074,
    0.3394607386496805,
    0.24686160996463008,
    0.16424623688296355,
    0.4648178287326085,
    0.47958918464382655,
    0.0003481667063983924,
    0.5891656968760207,
    0.1795242891809127,
    0.1848281194302245,
    0.3374896408272053,
    0.5303596588198094,
    0.5212102169177188,
    0.1444720051662385,
    0.10273037357935377,
    0.13337282998868388,
    0.40745843365064677,
    0.08963010266413765,
    0.5528111679788055,
    0.3356951888677934,
    0.4478895292057162,
    0.2683998747282826,
    0.6091752641376671,
    0.3992667935669974,
    0.226935300096977,
    0.5371062153706099,
    0.5188505904001652,
    0.6060857433388445,
    0.5195745242542511,
    0.22629938816328293,
    0.5148468290806963,
    0.37939851800547925,
    0.40315602184074745,
    0.4604415361659158,
    0.5221258077374223,
    0.128560858434267,
    0.21804922126338452,
    0.6762281671098925,
    0.4248045566269488,
    0.2659870859285394,
    0.5072153614502624,
    0.35484836152329263,
    0.18684339168648328,
    0.4861208617748174,
    0.20908179309599645,
    0.4821373802755172,
    0.3454657387366011,
    0.43682617644744964,
    0.4962860245288153,
    0.18990796426664044,
    0.26018669944103984,
    0.13774468377952842,
    0.2648488362049781,
    0.1824087336327284,
    0.1512210288004644,
    0.25546368511094075,
    0.522073949744584,
    0.45272773086805307,
    0.16218848624449247,
    0.5541049331114387,
    0.32372900677395205,
    0.3538434340318697,
    0.3137262070470424,
    0.6498635883455209,
    0.7437481019149278,
    0.545722544964237,
    0.5869608098420213,
    0.5191663386071069,
    0.7738437469968051,
    0.264153934576801,
    0.48223650136452473,
    0.4699715374760835,
    0.24138381864899494,
    0.2629228255162604,
    0.20330483724605614,
    0.6252941639138814,
    0.2206085049629503,
    0.2808363263395274,
    0.03942404115789701,
    0.5943443443919891,
    0.6327411724278741,
    0.1935294950451792,
    0.47855655350842374,
    0.5346802591475693,
    0.5666947926118567,
    0.5166291901374159,
    0.3830184924004463,
    0.31364758231576834,
    0.3624755460834616,
    0.5309355070106743,
    0.244422592002319,
    0.11116044589701404,
    0.5460203830797089
  ],
  "docs_used": 50000,
  "total_docs": 140367,
  "training_time": 332.8787651062012,
  "meets_thresholds": "False",
  "warnings": [
    "c_v score (0.379) below threshold (0.4)"
  ],
  "random_seed": 42,
  "stage_times": {
    "validation": 0.06677007675170898,
    "embeddings": 149.0909140110016,
    "initialization": 0.0003380775451660156,
    "clustering": 169.276211977005,
    "quality_metrics": 14.441421031951904,
    "threshold_check": 5.412101745605469e-05
  }
}