{
  "c_v_mean": "0.63985777",
  "c_npmi_mean": 0.15259280941037998,
  "c_v_scores": [
    "0.96000195",
    "0.8679647",
    "0.8760986",
    "0.73720825",
    "0.8967233",
    "0.9423433",
    "0.8460154",
    "0.8865609",
    "0.8460605",
    "0.77977645",
    "0.6917181",
    "0.6511198",
    "0.648402",
    "0.5465616",
    "0.7745928",
    "0.29125673",
    "0.75882095",
    "0.5841335",
    "0.7127889",
    "0.6360732",
    "0.7382131",
    "0.5199917",
    "0.81343275",
    "0.5244899",
    "0.6398608",
    "0.6779216",
    "0.7124294",
    "0.41638592",
    "0.5641423",
    "0.70915097",
    "0.6275366",
    "0.62215286",
    "0.65225697",
    "0.7733658",
    "0.40564063",
    "0.39767864",
    "0.61280394",
    "0.6264426",
    "0.4842745",
    "0.6026468",
    "0.5728432",
    "0.39043662",
    "0.6112499",
    "0.2593122",
    "0.35113162",
    "0.40473",
    "0.5310595",
    "0.5882481",
    "0.58898026"
  ],
  "c_npmi_scores": [
    0.17986261737591375,
    0.11563772509219954,
    0.12624281305360066,
    0.10433198706828428,
    0.15130762869284103,
    0.12513084639521238,
    0.14144389668792212,
    0.1488735463308979,
    0.12658961625380954,
    0.12806181820956972,
    0.1137082186718057,
    0.07467306602043164,
    0.1455592315583356,
    0.19287263531731044,
    0.10889178908625494,
    0.12145208732626696,
    0.12347156265262287,
    0.13234275122744343,
    0.22641355411153644,
    0.04890459414428214,
    0.12397018205682117,
    0.15018073635163506,
    0.06860184869892248,
    0.15315927952217234,
    0.15420555947788067,
    0.18054446568508786,
    0.16711961945991835,
    0.15047740490141198,
    0.18875486380077186,
    0.10263059116472519,
    0.12246880076432964,
    0.21648613993860874,
    0.08946399049231855,
    0.2329411473384232,
    0.19792244521727229,
    0.17103627522988762,
    0.04959924382709074,
    0.29496771118678644,
    0.1751446408319219,
    0.11837802599847007,
    0.11713285117704597,
    0.2582609770607781,
    0.3501334556713441,
    0.2717802023557492,
    0.17321885648097146,
    0.1783643850606653,
    0.16191712148358733,
    0.06982204518709934
  ],
  "docs_used": 50000,
  "total_docs": 140367,
  "training_time": 303.4129378795624,
  "meets_thresholds": "True",
  "warnings": [],
  "random_seed": 42,
  "stage_times": {
    "validation": 0.059288978576660156,
    "embeddings": 147.9776840209961,
    "initialization": 0.0009918212890625,
    "clustering": 146.97715711593628,
    "quality_metrics": 8.395281314849854,
    "threshold_check": 4.100799560546875e-05
  }
}