{
  "c_v_mean": "0.7054644",
  "c_npmi_mean": 0.1400564253581119,
  "c_v_scores": [
    "0.5765185",
    "0.86135685",
    "0.79666376",
    "0.79681855",
    "0.7024544",
    "0.67062443",
    "0.5983363",
    "0.5968018",
    "0.76264775",
    "0.7753167",
    "0.27786908",
    "0.6829163",
    "0.69365764",
    "0.73682225",
    "0.6810229",
    "0.6627834",
    "0.8985582",
    "0.8432424",
    "0.7042265",
    "0.6198985",
    "0.76628435",
    "0.7628053",
    "0.7814456",
    "0.6820749"
  ],
  "c_npmi_scores": [
    0.1746302665014165,
    0.081354142115832,
    0.13504339915286842,
    0.11174442179345993,
    0.211074930698197,
    0.15274899344807513,
    0.1495886784093048,
    0.14592374731881713,
    0.14237412157404666,
    0.139227001849836,
    0.14153132360995233,
    0.1394625066369964,
    0.13882443287906218,
    0.08533926429158162,
    0.18636860797817764,
    0.10612428562612766,
    0.1608275240780308,
    0.13975898633254297,
    0.12017277346489146,
    0.10396176988189135,
    0.07520816530922052,
    0.16548831918658344,
    0.21452012109966206
  ],
  "docs_used": 16809,
  "total_docs": 16809,
  "training_time": 38.627206802368164,
  "meets_thresholds": "True",
  "warnings": [],
  "random_seed": 42,
  "stage_times": {
    "validation": 0.010591983795166016,
    "embeddings": 22.415649890899658,
    "initialization": 0.01056671142578125,
    "clustering": 14.824790000915527,
    "quality_metrics": 1.3650341033935547,
    "threshold_check": 3.790855407714844e-05
  }
}